[{"model": "contenttypes.contenttype", "pk": 1, "fields": {"app_label": "auth", "model": "permission"}}, {"model": "contenttypes.contenttype", "pk": 2, "fields": {"app_label": "auth", "model": "group"}}, {"model": "contenttypes.contenttype", "pk": 3, "fields": {"app_label": "contenttypes", "model": "contenttype"}}, {"model": "contenttypes.contenttype", "pk": 4, "fields": {"app_label": "sessions", "model": "session"}}, {"model": "contenttypes.contenttype", "pk": 5, "fields": {"app_label": "sites", "model": "site"}}, {"model": "contenttypes.contenttype", "pk": 6, "fields": {"app_label": "admin", "model": "logentry"}}, {"model": "contenttypes.contenttype", "pk": 7, "fields": {"app_label": "account", "model": "emailaddress"}}, {"model": "contenttypes.contenttype", "pk": 8, "fields": {"app_label": "account", "model": "emailconfirmation"}}, {"model": "contenttypes.contenttype", "pk": 9, "fields": {"app_label": "socialaccount", "model": "socialapp"}}, {"model": "contenttypes.contenttype", "pk": 10, "fields": {"app_label": "socialaccount", "model": "socialaccount"}}, {"model": "contenttypes.contenttype", "pk": 11, "fields": {"app_label": "socialaccount", "model": "socialtoken"}}, {"model": "contenttypes.contenttype", "pk": 12, "fields": {"app_label": "users", "model": "user"}}, {"model": "contenttypes.contenttype", "pk": 13, "fields": {"app_label": "stats", "model": "player"}}, {"model": "contenttypes.contenttype", "pk": 14, "fields": {"app_label": "stats", "model": "map"}}, {"model": "contenttypes.contenttype", "pk": 15, "fields": {"app_label": "stats", "model": "game"}}, {"model": "contenttypes.contenttype", "pk": 16, "fields": {"app_label": "stats", "model": "gameplayer"}}, {"model": "sessions.session", "pk": "2coyv7t2negr3echbb5zoyl9ihtf05i2", "fields": {"session_data": "ZDhjZDAyOWMxY2M5YTg5ODJhOTIwNTllMWFiMTIyMDJiOTViMDYyZjp7Il9hdXRoX3VzZXJfaGFzaCI6IjM2Mjk2ZjBhNjVkMTcxYzA5YjEyM2VlODI5Mzc2NWMyZDk1MDU1MGUiLCJfYXV0aF91c2VyX2JhY2tlbmQiOiJkamFuZ28uY29udHJpYi5hdXRoLmJhY2tlbmRzLk1vZGVsQmFja2VuZCIsIl9hdXRoX3VzZXJfaWQiOiIxIn0=", "expire_date": "2016-01-05T17:02:50.728Z"}}, {"model": "sessions.session", "pk": "8gvfytc2vglr8nisknzirc9z8ujgzdul", "fields": {"session_data": "ZDhjZDAyOWMxY2M5YTg5ODJhOTIwNTllMWFiMTIyMDJiOTViMDYyZjp7Il9hdXRoX3VzZXJfaGFzaCI6IjM2Mjk2ZjBhNjVkMTcxYzA5YjEyM2VlODI5Mzc2NWMyZDk1MDU1MGUiLCJfYXV0aF91c2VyX2JhY2tlbmQiOiJkamFuZ28uY29udHJpYi5hdXRoLmJhY2tlbmRzLk1vZGVsQmFja2VuZCIsIl9hdXRoX3VzZXJfaWQiOiIxIn0=", "expire_date": "2016-01-04T23:35:28.699Z"}}, {"model": "sessions.session", "pk": "8vpxwee0vvxmp5xlf5yn8ajazcvfwfoe", "fields": {"session_data": "ZDhjZDAyOWMxY2M5YTg5ODJhOTIwNTllMWFiMTIyMDJiOTViMDYyZjp7Il9hdXRoX3VzZXJfaGFzaCI6IjM2Mjk2ZjBhNjVkMTcxYzA5YjEyM2VlODI5Mzc2NWMyZDk1MDU1MGUiLCJfYXV0aF91c2VyX2JhY2tlbmQiOiJkamFuZ28uY29udHJpYi5hdXRoLmJhY2tlbmRzLk1vZGVsQmFja2VuZCIsIl9hdXRoX3VzZXJfaWQiOiIxIn0=", "expire_date": "2016-01-04T23:33:40.793Z"}}, {"model": "sessions.session", "pk": "cxoofnj8wm46utzc7hmp5pyvmwnbuifd", "fields": {"session_data": "ZDhjZDAyOWMxY2M5YTg5ODJhOTIwNTllMWFiMTIyMDJiOTViMDYyZjp7Il9hdXRoX3VzZXJfaGFzaCI6IjM2Mjk2ZjBhNjVkMTcxYzA5YjEyM2VlODI5Mzc2NWMyZDk1MDU1MGUiLCJfYXV0aF91c2VyX2JhY2tlbmQiOiJkamFuZ28uY29udHJpYi5hdXRoLmJhY2tlbmRzLk1vZGVsQmFja2VuZCIsIl9hdXRoX3VzZXJfaWQiOiIxIn0=", "expire_date": "2015-12-25T22:02:25.714Z"}}, {"model": "sessions.session", "pk": "iw66t8gife79vaebmbjrsqchlh6k8bqx", "fields": {"session_data": "ZDhjZDAyOWMxY2M5YTg5ODJhOTIwNTllMWFiMTIyMDJiOTViMDYyZjp7Il9hdXRoX3VzZXJfaGFzaCI6IjM2Mjk2ZjBhNjVkMTcxYzA5YjEyM2VlODI5Mzc2NWMyZDk1MDU1MGUiLCJfYXV0aF91c2VyX2JhY2tlbmQiOiJkamFuZ28uY29udHJpYi5hdXRoLmJhY2tlbmRzLk1vZGVsQmFja2VuZCIsIl9hdXRoX3VzZXJfaWQiOiIxIn0=", "expire_date": "2015-12-30T20:22:00.181Z"}}, {"model": "sessions.session", "pk": "k3jis86n2p3tiichf6hle50900t1ua1v", "fields": {"session_data": "ZDhjZDAyOWMxY2M5YTg5ODJhOTIwNTllMWFiMTIyMDJiOTViMDYyZjp7Il9hdXRoX3VzZXJfaGFzaCI6IjM2Mjk2ZjBhNjVkMTcxYzA5YjEyM2VlODI5Mzc2NWMyZDk1MDU1MGUiLCJfYXV0aF91c2VyX2JhY2tlbmQiOiJkamFuZ28uY29udHJpYi5hdXRoLmJhY2tlbmRzLk1vZGVsQmFja2VuZCIsIl9hdXRoX3VzZXJfaWQiOiIxIn0=", "expire_date": "2016-01-03T21:26:50.838Z"}}, {"model": "sites.site", "pk": 1, "fields": {"domain": "aj-cs-stats.herokuapp.com", "name": "cs-stats"}}, {"model": "stats.player", "pk": 1, "fields": {"username": "Andri", "rank": "le"}}, {"model": "stats.player", "pk": 2, "fields": {"username": "Helgi", "rank": "lem"}}, {"model": "stats.player", "pk": 3, "fields": {"username": "Siggi R\u00fanar", "rank": "smfc"}}, {"model": "stats.player", "pk": 4, "fields": {"username": "Sk\u00fali", "rank": "mg2"}}, {"model": "stats.player", "pk": 5, "fields": {"username": "Siggi Fannar", "rank": null}}, {"model": "stats.player", "pk": 6, "fields": {"username": "Oddur", "rank": null}}, {"model": "stats.player", "pk": 7, "fields": {"username": "Andri Mar", "rank": null}}, {"model": "stats.player", "pk": 8, "fields": {"username": "Elli", "rank": null}}, {"model": "stats.player", "pk": 9, "fields": {"username": "Maggi", "rank": null}}, {"model": "stats.player", "pk": 10, "fields": {"username": "Kaladar", "rank": null}}, {"model": "stats.player", "pk": 11, "fields": {"username": "Beggi", "rank": null}}, {"model": "stats.player", "pk": 12, "fields": {"username": "Unknown", "rank": null}}, {"model": "stats.player", "pk": 13, "fields": {"username": "Vilhelm", "rank": null}}, {"model": "stats.player", "pk": 14, "fields": {"username": "Matti", "rank": null}}, {"model": "stats.player", "pk": 15, "fields": {"username": "Solar Flare", "rank": null}}, {"model": "stats.player", "pk": 16, "fields": {"username": "\u00deorl\u00e1kur", "rank": null}}, {"model": "stats.player", "pk": 17, "fields": {"username": "Vi\u00f0ar", "rank": null}}, {"model": "stats.player", "pk": 18, "fields": {"username": "Stebbi", "rank": null}}, {"model": "stats.player", "pk": 19, "fields": {"username": "V\u00edfill", "rank": null}}, {"model": "stats.player", "pk": 20, "fields": {"username": "Da\u00f0i", "rank": null}}, {"model": "stats.map", "pk": 1, "fields": {"map_name": "Dust II"}}, {"model": "stats.map", "pk": 2, "fields": {"map_name": "Mirage"}}, {"model": "stats.map", "pk": 3, "fields": {"map_name": "Cache"}}, {"model": "stats.map", "pk": 4, "fields": {"map_name": "Inferno"}}, {"model": "stats.game", "pk": 1, "fields": {"datetime": "2015-12-01T22:52:00Z", "game_map": 1, "site_ended": "CT", "rounds_for": 16, "rounds_against": 10}}, {"model": "stats.game", "pk": 2, "fields": {"datetime": "2015-12-03T22:13:00Z", "game_map": 2, "site_ended": "CT", "rounds_for": 16, "rounds_against": 14}}, {"model": "stats.game", "pk": 3, "fields": {"datetime": "2015-12-03T22:59:00Z", "game_map": 1, "site_ended": "T", "rounds_for": 12, "rounds_against": 16}}, {"model": "stats.game", "pk": 4, "fields": {"datetime": "2015-12-04T20:38:00Z", "game_map": 1, "site_ended": "CT", "rounds_for": 16, "rounds_against": 5}}, {"model": "stats.game", "pk": 5, "fields": {"datetime": "2015-12-04T21:23:00Z", "game_map": 3, "site_ended": "T", "rounds_for": 8, "rounds_against": 16}}, {"model": "stats.game", "pk": 6, "fields": {"datetime": "2015-12-06T20:42:00Z", "game_map": 1, "site_ended": "CT", "rounds_for": 16, "rounds_against": 9}}, {"model": "stats.game", "pk": 7, "fields": {"datetime": "2015-12-06T21:20:00Z", "game_map": 2, "site_ended": "CT", "rounds_for": 11, "rounds_against": 16}}, {"model": "stats.game", "pk": 8, "fields": {"datetime": "2015-12-06T22:09:00Z", "game_map": 4, "site_ended": "T", "rounds_for": 16, "rounds_against": 8}}, {"model": "stats.game", "pk": 9, "fields": {"datetime": "2015-12-07T20:37:00Z", "game_map": 2, "site_ended": "CT", "rounds_for": 5, "rounds_against": 16}}, {"model": "stats.game", "pk": 10, "fields": {"datetime": "2015-12-07T21:16:00Z", "game_map": 1, "site_ended": "CT", "rounds_for": 13, "rounds_against": 16}}, {"model": "stats.game", "pk": 11, "fields": {"datetime": "2015-12-07T22:29:00Z", "game_map": 1, "site_ended": "CT", "rounds_for": 14, "rounds_against": 16}}, {"model": "stats.game", "pk": 12, "fields": {"datetime": "2015-12-08T21:02:00Z", "game_map": 3, "site_ended": "CT", "rounds_for": 5, "rounds_against": 16}}, {"model": "stats.game", "pk": 13, "fields": {"datetime": "2015-12-08T21:38:00Z", "game_map": 2, "site_ended": "CT", "rounds_for": 4, "rounds_against": 16}}, {"model": "stats.game", "pk": 14, "fields": {"datetime": "2015-12-10T21:02:00Z", "game_map": 4, "site_ended": "CT", "rounds_for": 4, "rounds_against": 16}}, {"model": "stats.game", "pk": 15, "fields": {"datetime": "2015-12-12T22:18:00Z", "game_map": 1, "site_ended": "T", "rounds_for": 13, "rounds_against": 16}}, {"model": "stats.game", "pk": 16, "fields": {"datetime": "2015-12-12T23:10:00Z", "game_map": 3, "site_ended": "CT", "rounds_for": 10, "rounds_against": 16}}, {"model": "stats.game", "pk": 17, "fields": {"datetime": "2015-12-13T21:44:00Z", "game_map": 2, "site_ended": "CT", "rounds_for": 16, "rounds_against": 3}}, {"model": "stats.game", "pk": 18, "fields": {"datetime": "2015-12-13T22:21:00Z", "game_map": 1, "site_ended": "CT", "rounds_for": 3, "rounds_against": 16}}, {"model": "stats.game", "pk": 19, "fields": {"datetime": "2015-12-13T22:50:00Z", "game_map": 1, "site_ended": "CT", "rounds_for": 14, "rounds_against": 16}}, {"model": "stats.game", "pk": 20, "fields": {"datetime": "2015-12-14T21:02:00Z", "game_map": 2, "site_ended": "CT", "rounds_for": 10, "rounds_against": 16}}, {"model": "stats.game", "pk": 21, "fields": {"datetime": "2015-12-14T21:47:00Z", "game_map": 4, "site_ended": "CT", "rounds_for": 15, "rounds_against": 15}}, {"model": "stats.game", "pk": 22, "fields": {"datetime": "2015-12-15T21:17:00Z", "game_map": 2, "site_ended": "CT", "rounds_for": 16, "rounds_against": 13}}, {"model": "stats.game", "pk": 23, "fields": {"datetime": "2015-12-15T22:06:00Z", "game_map": 3, "site_ended": "T", "rounds_for": 16, "rounds_against": 9}}, {"model": "stats.game", "pk": 24, "fields": {"datetime": "2015-12-17T22:17:00Z", "game_map": 1, "site_ended": "CT", "rounds_for": 16, "rounds_against": 6}}, {"model": "stats.game", "pk": 25, "fields": {"datetime": "2015-12-17T23:00:00Z", "game_map": 3, "site_ended": "T", "rounds_for": 16, "rounds_against": 10}}, {"model": "stats.game", "pk": 26, "fields": {"datetime": "2015-12-19T20:33:00Z", "game_map": 2, "site_ended": "CT", "rounds_for": 8, "rounds_against": 16}}, {"model": "stats.game", "pk": 27, "fields": {"datetime": "2015-12-19T21:13:00Z", "game_map": 3, "site_ended": "CT", "rounds_for": 13, "rounds_against": 1}}, {"model": "stats.game", "pk": 28, "fields": {"datetime": "2015-12-19T21:37:00Z", "game_map": 4, "site_ended": "CT", "rounds_for": 16, "rounds_against": 6}}, {"model": "stats.game", "pk": 29, "fields": {"datetime": "2015-12-19T22:24:00Z", "game_map": 1, "site_ended": "T", "rounds_for": 16, "rounds_against": 4}}, {"model": "stats.game", "pk": 30, "fields": {"datetime": "2015-12-19T22:59:00Z", "game_map": 2, "site_ended": "CT", "rounds_for": 16, "rounds_against": 11}}, {"model": "stats.game", "pk": 31, "fields": {"datetime": "2015-12-20T21:30:00Z", "game_map": 3, "site_ended": "CT", "rounds_for": 16, "rounds_against": 12}}, {"model": "stats.game", "pk": 32, "fields": {"datetime": "2015-12-20T22:21:00Z", "game_map": 4, "site_ended": "CT", "rounds_for": 16, "rounds_against": 6}}, {"model": "stats.game", "pk": 33, "fields": {"datetime": "2015-12-21T21:55:00Z", "game_map": 3, "site_ended": "CT", "rounds_for": 16, "rounds_against": 9}}, {"model": "stats.game", "pk": 34, "fields": {"datetime": "2015-12-21T22:43:00Z", "game_map": 2, "site_ended": "T", "rounds_for": 15, "rounds_against": 15}}, {"model": "stats.gameplayer", "pk": 1, "fields": {"player": 2, "game": 1, "kills": 28, "assists": 6, "deaths": 20, "mvps": 4, "points": 70}}, {"model": "stats.gameplayer", "pk": 2, "fields": {"player": 1, "game": 1, "kills": 22, "assists": 8, "deaths": 18, "mvps": 6, "points": 63}}, {"model": "stats.gameplayer", "pk": 3, "fields": {"player": 7, "game": 1, "kills": 15, "assists": 6, "deaths": 19, "mvps": 2, "points": 43}}, {"model": "stats.gameplayer", "pk": 4, "fields": {"player": 5, "game": 1, "kills": 8, "assists": 1, "deaths": 19, "mvps": 0, "points": 23}}, {"model": "stats.gameplayer", "pk": 5, "fields": {"player": 11, "game": 1, "kills": 27, "assists": 4, "deaths": 16, "mvps": 4, "points": 61}}, {"model": "stats.gameplayer", "pk": 6, "fields": {"player": 3, "game": 2, "kills": 29, "assists": 2, "deaths": 19, "mvps": 6, "points": 71}}, {"model": "stats.gameplayer", "pk": 7, "fields": {"player": 2, "game": 2, "kills": 28, "assists": 1, "deaths": 16, "mvps": 5, "points": 63}}, {"model": "stats.gameplayer", "pk": 8, "fields": {"player": 12, "game": 2, "kills": 23, "assists": 6, "deaths": 21, "mvps": 2, "points": 52}}, {"model": "stats.gameplayer", "pk": 9, "fields": {"player": 6, "game": 2, "kills": 14, "assists": 7, "deaths": 20, "mvps": 1, "points": 41}}, {"model": "stats.gameplayer", "pk": 10, "fields": {"player": 1, "game": 2, "kills": 13, "assists": 4, "deaths": 20, "mvps": 0, "points": 33}}, {"model": "stats.gameplayer", "pk": 11, "fields": {"player": 12, "game": 3, "kills": 26, "assists": 7, "deaths": 21, "mvps": 6, "points": 65}}, {"model": "stats.gameplayer", "pk": 12, "fields": {"player": 1, "game": 3, "kills": 25, "assists": 2, "deaths": 22, "mvps": 3, "points": 54}}, {"model": "stats.gameplayer", "pk": 13, "fields": {"player": 12, "game": 3, "kills": 20, "assists": 5, "deaths": 21, "mvps": 2, "points": 52}}, {"model": "stats.gameplayer", "pk": 14, "fields": {"player": 12, "game": 3, "kills": 10, "assists": 7, "deaths": 25, "mvps": 0, "points": 27}}, {"model": "stats.gameplayer", "pk": 15, "fields": {"player": 4, "game": 3, "kills": 10, "assists": 3, "deaths": 26, "mvps": 1, "points": 25}}, {"model": "stats.gameplayer", "pk": 16, "fields": {"player": 2, "game": 4, "kills": 29, "assists": 2, "deaths": 8, "mvps": 5, "points": 73}}, {"model": "stats.gameplayer", "pk": 17, "fields": {"player": 10, "game": 4, "kills": 27, "assists": 6, "deaths": 12, "mvps": 7, "points": 67}}, {"model": "stats.gameplayer", "pk": 18, "fields": {"player": 1, "game": 4, "kills": 20, "assists": 6, "deaths": 2, "mvps": 2, "points": 60}}, {"model": "stats.gameplayer", "pk": 19, "fields": {"player": 13, "game": 4, "kills": 6, "assists": 6, "deaths": 10, "mvps": 2, "points": 27}}, {"model": "stats.gameplayer", "pk": 20, "fields": {"player": 4, "game": 4, "kills": 8, "assists": 2, "deaths": 12, "mvps": 0, "points": 20}}, {"model": "stats.gameplayer", "pk": 21, "fields": {"player": 3, "game": 5, "kills": 26, "assists": 2, "deaths": 17, "mvps": 4, "points": 58}}, {"model": "stats.gameplayer", "pk": 22, "fields": {"player": 1, "game": 5, "kills": 21, "assists": 2, "deaths": 18, "mvps": 3, "points": 45}}, {"model": "stats.gameplayer", "pk": 23, "fields": {"player": 9, "game": 5, "kills": 16, "assists": 4, "deaths": 19, "mvps": 0, "points": 40}}, {"model": "stats.gameplayer", "pk": 24, "fields": {"player": 2, "game": 5, "kills": 13, "assists": 3, "deaths": 21, "mvps": 0, "points": 31}}, {"model": "stats.gameplayer", "pk": 25, "fields": {"player": 4, "game": 5, "kills": 5, "assists": 1, "deaths": 21, "mvps": 1, "points": 11}}, {"model": "stats.gameplayer", "pk": 26, "fields": {"player": 2, "game": 6, "kills": 32, "assists": 4, "deaths": 15, "mvps": 9, "points": 80}}, {"model": "stats.gameplayer", "pk": 27, "fields": {"player": 6, "game": 6, "kills": 23, "assists": 6, "deaths": 17, "mvps": 1, "points": 63}}, {"model": "stats.gameplayer", "pk": 28, "fields": {"player": 7, "game": 6, "kills": 18, "assists": 7, "deaths": 22, "mvps": 2, "points": 33}}, {"model": "stats.gameplayer", "pk": 29, "fields": {"player": 1, "game": 6, "kills": 13, "assists": 3, "deaths": 19, "mvps": 2, "points": 33}}, {"model": "stats.gameplayer", "pk": 30, "fields": {"player": 4, "game": 6, "kills": 11, "assists": 4, "deaths": 19, "mvps": 1, "points": 30}}, {"model": "stats.gameplayer", "pk": 31, "fields": {"player": 2, "game": 7, "kills": 32, "assists": 3, "deaths": 18, "mvps": 5, "points": 70}}, {"model": "stats.gameplayer", "pk": 32, "fields": {"player": 7, "game": 7, "kills": 27, "assists": 8, "deaths": 20, "mvps": 3, "points": 67}}, {"model": "stats.gameplayer", "pk": 33, "fields": {"player": 1, "game": 7, "kills": 14, "assists": 3, "deaths": 19, "mvps": 3, "points": 31}}, {"model": "stats.gameplayer", "pk": 34, "fields": {"player": 6, "game": 7, "kills": 11, "assists": 3, "deaths": 19, "mvps": 0, "points": 30}}, {"model": "stats.gameplayer", "pk": 35, "fields": {"player": 4, "game": 7, "kills": 7, "assists": 3, "deaths": 21, "mvps": 0, "points": 19}}, {"model": "stats.gameplayer", "pk": 36, "fields": {"player": 1, "game": 8, "kills": 22, "assists": 3, "deaths": 8, "mvps": 6, "points": 61}}, {"model": "stats.gameplayer", "pk": 37, "fields": {"player": 2, "game": 8, "kills": 23, "assists": 7, "deaths": 14, "mvps": 4, "points": 57}}, {"model": "stats.gameplayer", "pk": 38, "fields": {"player": 7, "game": 8, "kills": 19, "assists": 7, "deaths": 12, "mvps": 3, "points": 48}}, {"model": "stats.gameplayer", "pk": 39, "fields": {"player": 6, "game": 8, "kills": 12, "assists": 6, "deaths": 13, "mvps": 3, "points": 38}}, {"model": "stats.gameplayer", "pk": 40, "fields": {"player": 5, "game": 8, "kills": 7, "assists": 3, "deaths": 18, "mvps": 0, "points": 19}}, {"model": "stats.gameplayer", "pk": 41, "fields": {"player": 2, "game": 9, "kills": 19, "assists": 4, "deaths": 14, "mvps": 4, "points": 42}}, {"model": "stats.gameplayer", "pk": 42, "fields": {"player": 1, "game": 9, "kills": 15, "assists": 3, "deaths": 16, "mvps": 0, "points": 38}}, {"model": "stats.gameplayer", "pk": 43, "fields": {"player": 7, "game": 9, "kills": 8, "assists": 2, "deaths": 18, "mvps": 0, "points": 23}}, {"model": "stats.gameplayer", "pk": 44, "fields": {"player": 9, "game": 9, "kills": 8, "assists": 0, "deaths": 18, "mvps": 1, "points": 21}}, {"model": "stats.gameplayer", "pk": 45, "fields": {"player": 4, "game": 9, "kills": 5, "assists": 3, "deaths": 20, "mvps": 0, "points": 13}}, {"model": "stats.gameplayer", "pk": 46, "fields": {"player": 12, "game": 10, "kills": 29, "assists": 4, "deaths": 24, "mvps": 6, "points": 62}}, {"model": "stats.gameplayer", "pk": 47, "fields": {"player": 1, "game": 10, "kills": 23, "assists": 5, "deaths": 21, "mvps": 5, "points": 60}}, {"model": "stats.gameplayer", "pk": 48, "fields": {"player": 12, "game": 10, "kills": 21, "assists": 2, "deaths": 22, "mvps": 1, "points": 50}}, {"model": "stats.gameplayer", "pk": 49, "fields": {"player": 12, "game": 10, "kills": 10, "assists": 1, "deaths": 20, "mvps": 0, "points": 34}}, {"model": "stats.gameplayer", "pk": 50, "fields": {"player": 14, "game": 10, "kills": 11, "assists": 3, "deaths": 25, "mvps": 1, "points": 28}}, {"model": "stats.gameplayer", "pk": 51, "fields": {"player": 12, "game": 11, "kills": 30, "assists": 2, "deaths": 20, "mvps": 5, "points": 65}}, {"model": "stats.gameplayer", "pk": 52, "fields": {"player": 12, "game": 11, "kills": 30, "assists": 1, "deaths": 18, "mvps": 5, "points": 65}}, {"model": "stats.gameplayer", "pk": 53, "fields": {"player": 12, "game": 11, "kills": 20, "assists": 4, "deaths": 23, "mvps": 4, "points": 62}}, {"model": "stats.gameplayer", "pk": 54, "fields": {"player": 1, "game": 11, "kills": 19, "assists": 7, "deaths": 21, "mvps": 0, "points": 46}}, {"model": "stats.gameplayer", "pk": 55, "fields": {"player": 14, "game": 11, "kills": 4, "assists": 5, "deaths": 26, "mvps": 0, "points": 16}}, {"model": "stats.gameplayer", "pk": 56, "fields": {"player": 6, "game": 12, "kills": 17, "assists": 2, "deaths": 18, "mvps": 2, "points": 40}}, {"model": "stats.gameplayer", "pk": 57, "fields": {"player": 8, "game": 12, "kills": 14, "assists": 8, "deaths": 16, "mvps": 3, "points": 40}}, {"model": "stats.gameplayer", "pk": 58, "fields": {"player": 7, "game": 12, "kills": 17, "assists": 5, "deaths": 19, "mvps": 0, "points": 39}}, {"model": "stats.gameplayer", "pk": 59, "fields": {"player": 15, "game": 12, "kills": 12, "assists": 4, "deaths": 19, "mvps": 0, "points": 29}}, {"model": "stats.gameplayer", "pk": 60, "fields": {"player": 1, "game": 12, "kills": 10, "assists": 2, "deaths": 17, "mvps": 0, "points": 27}}, {"model": "stats.gameplayer", "pk": 61, "fields": {"player": 7, "game": 13, "kills": 13, "assists": 1, "deaths": 15, "mvps": 2, "points": 36}}, {"model": "stats.gameplayer", "pk": 62, "fields": {"player": 15, "game": 13, "kills": 12, "assists": 1, "deaths": 19, "mvps": 0, "points": 29}}, {"model": "stats.gameplayer", "pk": 63, "fields": {"player": 6, "game": 13, "kills": 6, "assists": 3, "deaths": 17, "mvps": 1, "points": 23}}, {"model": "stats.gameplayer", "pk": 64, "fields": {"player": 8, "game": 13, "kills": 7, "assists": 5, "deaths": 18, "mvps": 1, "points": 22}}, {"model": "stats.gameplayer", "pk": 65, "fields": {"player": 1, "game": 13, "kills": 7, "assists": 4, "deaths": 17, "mvps": 0, "points": 21}}, {"model": "stats.gameplayer", "pk": 66, "fields": {"player": 6, "game": 14, "kills": 14, "assists": 3, "deaths": 16, "mvps": 2, "points": 34}}, {"model": "stats.gameplayer", "pk": 67, "fields": {"player": 1, "game": 14, "kills": 13, "assists": 2, "deaths": 18, "mvps": 1, "points": 29}}, {"model": "stats.gameplayer", "pk": 68, "fields": {"player": 8, "game": 14, "kills": 11, "assists": 6, "deaths": 18, "mvps": 0, "points": 29}}, {"model": "stats.gameplayer", "pk": 69, "fields": {"player": 7, "game": 14, "kills": 12, "assists": 0, "deaths": 19, "mvps": 0, "points": 24}}, {"model": "stats.gameplayer", "pk": 70, "fields": {"player": 4, "game": 14, "kills": 6, "assists": 3, "deaths": 18, "mvps": 1, "points": 21}}, {"model": "stats.gameplayer", "pk": 71, "fields": {"player": 1, "game": 15, "kills": 22, "assists": 5, "deaths": 17, "mvps": 2, "points": 50}}, {"model": "stats.gameplayer", "pk": 72, "fields": {"player": 4, "game": 15, "kills": 15, "assists": 3, "deaths": 19, "mvps": 1, "points": 35}}, {"model": "stats.gameplayer", "pk": 73, "fields": {"player": 14, "game": 15, "kills": 20, "assists": 5, "deaths": 20, "mvps": 4, "points": 48}}, {"model": "stats.gameplayer", "pk": 74, "fields": {"player": 8, "game": 15, "kills": 26, "assists": 4, "deaths": 23, "mvps": 3, "points": 56}}, {"model": "stats.gameplayer", "pk": 75, "fields": {"player": 16, "game": 15, "kills": 11, "assists": 5, "deaths": 19, "mvps": 3, "points": 33}}, {"model": "stats.gameplayer", "pk": 76, "fields": {"player": 1, "game": 16, "kills": 19, "assists": 4, "deaths": 21, "mvps": 4, "points": 51}}, {"model": "stats.gameplayer", "pk": 77, "fields": {"player": 12, "game": 16, "kills": 29, "assists": 0, "deaths": 18, "mvps": 3, "points": 61}}, {"model": "stats.gameplayer", "pk": 78, "fields": {"player": 16, "game": 16, "kills": 16, "assists": 3, "deaths": 22, "mvps": 2, "points": 43}}, {"model": "stats.gameplayer", "pk": 79, "fields": {"player": 9, "game": 16, "kills": 10, "assists": 2, "deaths": 22, "mvps": 1, "points": 25}}, {"model": "stats.gameplayer", "pk": 80, "fields": {"player": 4, "game": 16, "kills": 8, "assists": 4, "deaths": 21, "mvps": 0, "points": 24}}, {"model": "stats.gameplayer", "pk": 81, "fields": {"player": 1, "game": 17, "kills": 21, "assists": 3, "deaths": 10, "mvps": 4, "points": 50}}, {"model": "stats.gameplayer", "pk": 82, "fields": {"player": 7, "game": 17, "kills": 28, "assists": 3, "deaths": 9, "mvps": 5, "points": 67}}, {"model": "stats.gameplayer", "pk": 83, "fields": {"player": 4, "game": 17, "kills": 7, "assists": 4, "deaths": 13, "mvps": 4, "points": 32}}, {"model": "stats.gameplayer", "pk": 84, "fields": {"player": 11, "game": 17, "kills": 14, "assists": 1, "deaths": 13, "mvps": 2, "points": 36}}, {"model": "stats.gameplayer", "pk": 85, "fields": {"player": 17, "game": 17, "kills": 12, "assists": 3, "deaths": 11, "mvps": 1, "points": 31}}, {"model": "stats.gameplayer", "pk": 86, "fields": {"player": 1, "game": 18, "kills": 14, "assists": 2, "deaths": 16, "mvps": 0, "points": 31}}, {"model": "stats.gameplayer", "pk": 87, "fields": {"player": 17, "game": 18, "kills": 13, "assists": 2, "deaths": 17, "mvps": 1, "points": 35}}, {"model": "stats.gameplayer", "pk": 88, "fields": {"player": 7, "game": 18, "kills": 11, "assists": 3, "deaths": 16, "mvps": 2, "points": 25}}, {"model": "stats.gameplayer", "pk": 89, "fields": {"player": 4, "game": 18, "kills": 6, "assists": 4, "deaths": 17, "mvps": 0, "points": 20}}, {"model": "stats.gameplayer", "pk": 90, "fields": {"player": 11, "game": 18, "kills": 6, "assists": 4, "deaths": 17, "mvps": 0, "points": 18}}, {"model": "stats.gameplayer", "pk": 91, "fields": {"player": 1, "game": 19, "kills": 29, "assists": 2, "deaths": 22, "mvps": 2, "points": 66}}, {"model": "stats.gameplayer", "pk": 92, "fields": {"player": 11, "game": 19, "kills": 20, "assists": 5, "deaths": 22, "mvps": 3, "points": 60}}, {"model": "stats.gameplayer", "pk": 93, "fields": {"player": 7, "game": 19, "kills": 21, "assists": 5, "deaths": 24, "mvps": 4, "points": 48}}, {"model": "stats.gameplayer", "pk": 94, "fields": {"player": 17, "game": 19, "kills": 17, "assists": 3, "deaths": 24, "mvps": 5, "points": 44}}, {"model": "stats.gameplayer", "pk": 95, "fields": {"player": 4, "game": 19, "kills": 11, "assists": 2, "deaths": 23, "mvps": 0, "points": 25}}, {"model": "stats.gameplayer", "pk": 96, "fields": {"player": 8, "game": 20, "kills": 17, "assists": 5, "deaths": 20, "mvps": 2, "points": 48}}, {"model": "stats.gameplayer", "pk": 97, "fields": {"player": 2, "game": 20, "kills": 18, "assists": 2, "deaths": 18, "mvps": 3, "points": 44}}, {"model": "stats.gameplayer", "pk": 98, "fields": {"player": 1, "game": 20, "kills": 15, "assists": 5, "deaths": 19, "mvps": 2, "points": 44}}, {"model": "stats.gameplayer", "pk": 99, "fields": {"player": 7, "game": 20, "kills": 17, "assists": 0, "deaths": 21, "mvps": 2, "points": 38}}, {"model": "stats.gameplayer", "pk": 100, "fields": {"player": 11, "game": 20, "kills": 11, "assists": 2, "deaths": 22, "mvps": 1, "points": 26}}, {"model": "stats.gameplayer", "pk": 101, "fields": {"player": 1, "game": 21, "kills": 26, "assists": 3, "deaths": 18, "mvps": 4, "points": 65}}, {"model": "stats.gameplayer", "pk": 102, "fields": {"player": 11, "game": 21, "kills": 23, "assists": 4, "deaths": 25, "mvps": 3, "points": 55}}, {"model": "stats.gameplayer", "pk": 103, "fields": {"player": 2, "game": 21, "kills": 22, "assists": 3, "deaths": 21, "mvps": 3, "points": 53}}, {"model": "stats.gameplayer", "pk": 104, "fields": {"player": 7, "game": 21, "kills": 19, "assists": 7, "deaths": 20, "mvps": 2, "points": 52}}, {"model": "stats.gameplayer", "pk": 105, "fields": {"player": 8, "game": 21, "kills": 18, "assists": 7, "deaths": 21, "mvps": 3, "points": 48}}, {"model": "stats.gameplayer", "pk": 106, "fields": {"player": 7, "game": 22, "kills": 27, "assists": 4, "deaths": 18, "mvps": 6, "points": 68}}, {"model": "stats.gameplayer", "pk": 107, "fields": {"player": 1, "game": 22, "kills": 24, "assists": 4, "deaths": 17, "mvps": 1, "points": 59}}, {"model": "stats.gameplayer", "pk": 108, "fields": {"player": 8, "game": 22, "kills": 24, "assists": 4, "deaths": 21, "mvps": 3, "points": 57}}, {"model": "stats.gameplayer", "pk": 109, "fields": {"player": 9, "game": 22, "kills": 20, "assists": 7, "deaths": 20, "mvps": 4, "points": 55}}, {"model": "stats.gameplayer", "pk": 110, "fields": {"player": 18, "game": 22, "kills": 13, "assists": 4, "deaths": 18, "mvps": 2, "points": 32}}, {"model": "stats.gameplayer", "pk": 111, "fields": {"player": 8, "game": 23, "kills": 24, "assists": 4, "deaths": 14, "mvps": 4, "points": 58}}, {"model": "stats.gameplayer", "pk": 112, "fields": {"player": 7, "game": 23, "kills": 24, "assists": 4, "deaths": 19, "mvps": 3, "points": 56}}, {"model": "stats.gameplayer", "pk": 113, "fields": {"player": 1, "game": 23, "kills": 23, "assists": 4, "deaths": 14, "mvps": 4, "points": 53}}, {"model": "stats.gameplayer", "pk": 114, "fields": {"player": 18, "game": 23, "kills": 16, "assists": 3, "deaths": 14, "mvps": 3, "points": 41}}, {"model": "stats.gameplayer", "pk": 115, "fields": {"player": 9, "game": 23, "kills": 15, "assists": 2, "deaths": 16, "mvps": 2, "points": 40}}, {"model": "stats.gameplayer", "pk": 116, "fields": {"player": 18, "game": 24, "kills": 29, "assists": 3, "deaths": 17, "mvps": 3, "points": 65}}, {"model": "stats.gameplayer", "pk": 117, "fields": {"player": 19, "game": 24, "kills": 24, "assists": 6, "deaths": 13, "mvps": 4, "points": 65}}, {"model": "stats.gameplayer", "pk": 118, "fields": {"player": 1, "game": 24, "kills": 21, "assists": 1, "deaths": 12, "mvps": 2, "points": 48}}, {"model": "stats.gameplayer", "pk": 119, "fields": {"player": 4, "game": 24, "kills": 9, "assists": 6, "deaths": 16, "mvps": 6, "points": 40}}, {"model": "stats.gameplayer", "pk": 120, "fields": {"player": 14, "game": 24, "kills": 8, "assists": 2, "deaths": 15, "mvps": 1, "points": 26}}, {"model": "stats.gameplayer", "pk": 121, "fields": {"player": 1, "game": 25, "kills": 33, "assists": 0, "deaths": 16, "mvps": 6, "points": 69}}, {"model": "stats.gameplayer", "pk": 122, "fields": {"player": 12, "game": 25, "kills": 25, "assists": 3, "deaths": 13, "mvps": 1, "points": 59}}, {"model": "stats.gameplayer", "pk": 123, "fields": {"player": 19, "game": 25, "kills": 23, "assists": 8, "deaths": 20, "mvps": 5, "points": 55}}, {"model": "stats.gameplayer", "pk": 124, "fields": {"player": 12, "game": 25, "kills": 17, "assists": 4, "deaths": 17, "mvps": 4, "points": 47}}, {"model": "stats.gameplayer", "pk": 125, "fields": {"player": 14, "game": 25, "kills": 5, "assists": 2, "deaths": 20, "mvps": 0, "points": 16}}, {"model": "stats.gameplayer", "pk": 126, "fields": {"player": 2, "game": 26, "kills": 29, "assists": 2, "deaths": 17, "mvps": 4, "points": 67}}, {"model": "stats.gameplayer", "pk": 127, "fields": {"player": 11, "game": 26, "kills": 15, "assists": 1, "deaths": 21, "mvps": 1, "points": 33}}, {"model": "stats.gameplayer", "pk": 128, "fields": {"player": 7, "game": 26, "kills": 12, "assists": 2, "deaths": 20, "mvps": 2, "points": 29}}, {"model": "stats.gameplayer", "pk": 129, "fields": {"player": 1, "game": 26, "kills": 11, "assists": 3, "deaths": 20, "mvps": 1, "points": 28}}, {"model": "stats.gameplayer", "pk": 130, "fields": {"player": 4, "game": 26, "kills": 5, "assists": 4, "deaths": 19, "mvps": 0, "points": 23}}, {"model": "stats.gameplayer", "pk": 131, "fields": {"player": 2, "game": 27, "kills": 19, "assists": 1, "deaths": 3, "mvps": 2, "points": 52}}, {"model": "stats.gameplayer", "pk": 132, "fields": {"player": 1, "game": 27, "kills": 16, "assists": 0, "deaths": 4, "mvps": 7, "points": 37}}, {"model": "stats.gameplayer", "pk": 133, "fields": {"player": 7, "game": 27, "kills": 13, "assists": 4, "deaths": 7, "mvps": 1, "points": 36}}, {"model": "stats.gameplayer", "pk": 134, "fields": {"player": 11, "game": 27, "kills": 10, "assists": 5, "deaths": 7, "mvps": 0, "points": 33}}, {"model": "stats.gameplayer", "pk": 135, "fields": {"player": 4, "game": 27, "kills": 5, "assists": 2, "deaths": 6, "mvps": 3, "points": 23}}, {"model": "stats.gameplayer", "pk": 136, "fields": {"player": 2, "game": 28, "kills": 24, "assists": 4, "deaths": 15, "mvps": 5, "points": 57}}, {"model": "stats.gameplayer", "pk": 137, "fields": {"player": 11, "game": 28, "kills": 19, "assists": 3, "deaths": 15, "mvps": 2, "points": 51}}, {"model": "stats.gameplayer", "pk": 138, "fields": {"player": 7, "game": 28, "kills": 18, "assists": 0, "deaths": 13, "mvps": 5, "points": 51}}, {"model": "stats.gameplayer", "pk": 139, "fields": {"player": 1, "game": 28, "kills": 18, "assists": 6, "deaths": 16, "mvps": 1, "points": 46}}, {"model": "stats.gameplayer", "pk": 140, "fields": {"player": 4, "game": 28, "kills": 13, "assists": 3, "deaths": 16, "mvps": 3, "points": 38}}, {"model": "stats.gameplayer", "pk": 141, "fields": {"player": 2, "game": 29, "kills": 25, "assists": 1, "deaths": 7, "mvps": 6, "points": 62}}, {"model": "stats.gameplayer", "pk": 142, "fields": {"player": 1, "game": 29, "kills": 26, "assists": 5, "deaths": 6, "mvps": 4, "points": 61}}, {"model": "stats.gameplayer", "pk": 143, "fields": {"player": 11, "game": 29, "kills": 15, "assists": 6, "deaths": 15, "mvps": 4, "points": 38}}, {"model": "stats.gameplayer", "pk": 144, "fields": {"player": 7, "game": 29, "kills": 15, "assists": 3, "deaths": 15, "mvps": 2, "points": 37}}, {"model": "stats.gameplayer", "pk": 145, "fields": {"player": 4, "game": 29, "kills": 6, "assists": 2, "deaths": 13, "mvps": 0, "points": 19}}, {"model": "stats.gameplayer", "pk": 146, "fields": {"player": 2, "game": 30, "kills": 30, "assists": 3, "deaths": 16, "mvps": 5, "points": 75}}, {"model": "stats.gameplayer", "pk": 147, "fields": {"player": 1, "game": 30, "kills": 23, "assists": 4, "deaths": 16, "mvps": 4, "points": 63}}, {"model": "stats.gameplayer", "pk": 148, "fields": {"player": 11, "game": 30, "kills": 22, "assists": 1, "deaths": 18, "mvps": 3, "points": 56}}, {"model": "stats.gameplayer", "pk": 149, "fields": {"player": 7, "game": 30, "kills": 19, "assists": 2, "deaths": 21, "mvps": 2, "points": 42}}, {"model": "stats.gameplayer", "pk": 150, "fields": {"player": 4, "game": 30, "kills": 11, "assists": 3, "deaths": 19, "mvps": 2, "points": 33}}, {"model": "stats.gameplayer", "pk": 151, "fields": {"player": 2, "game": 31, "kills": 37, "assists": 4, "deaths": 13, "mvps": 6, "points": 92}}, {"model": "stats.gameplayer", "pk": 152, "fields": {"player": 11, "game": 31, "kills": 25, "assists": 2, "deaths": 19, "mvps": 5, "points": 52}}, {"model": "stats.gameplayer", "pk": 153, "fields": {"player": 10, "game": 31, "kills": 18, "assists": 3, "deaths": 18, "mvps": 3, "points": 46}}, {"model": "stats.gameplayer", "pk": 154, "fields": {"player": 9, "game": 31, "kills": 10, "assists": 10, "deaths": 20, "mvps": 1, "points": 35}}, {"model": "stats.gameplayer", "pk": 155, "fields": {"player": 1, "game": 31, "kills": 14, "assists": 0, "deaths": 19, "mvps": 1, "points": 32}}, {"model": "stats.gameplayer", "pk": 156, "fields": {"player": 10, "game": 32, "kills": 23, "assists": 0, "deaths": 11, "mvps": 5, "points": 54}}, {"model": "stats.gameplayer", "pk": 157, "fields": {"player": 2, "game": 32, "kills": 20, "assists": 2, "deaths": 13, "mvps": 2, "points": 50}}, {"model": "stats.gameplayer", "pk": 158, "fields": {"player": 1, "game": 32, "kills": 18, "assists": 3, "deaths": 12, "mvps": 3, "points": 49}}, {"model": "stats.gameplayer", "pk": 159, "fields": {"player": 11, "game": 32, "kills": 19, "assists": 5, "deaths": 17, "mvps": 3, "points": 47}}, {"model": "stats.gameplayer", "pk": 160, "fields": {"player": 9, "game": 32, "kills": 18, "assists": 3, "deaths": 11, "mvps": 3, "points": 46}}, {"model": "stats.gameplayer", "pk": 161, "fields": {"player": 2, "game": 33, "kills": 29, "assists": 4, "deaths": 14, "mvps": 6, "points": 74}}, {"model": "stats.gameplayer", "pk": 162, "fields": {"player": 7, "game": 33, "kills": 23, "assists": 1, "deaths": 10, "mvps": 1, "points": 54}}, {"model": "stats.gameplayer", "pk": 163, "fields": {"player": 10, "game": 33, "kills": 18, "assists": 5, "deaths": 16, "mvps": 5, "points": 49}}, {"model": "stats.gameplayer", "pk": 164, "fields": {"player": 6, "game": 33, "kills": 14, "assists": 4, "deaths": 14, "mvps": 2, "points": 48}}, {"model": "stats.gameplayer", "pk": 165, "fields": {"player": 1, "game": 33, "kills": 18, "assists": 4, "deaths": 14, "mvps": 2, "points": 46}}, {"model": "stats.gameplayer", "pk": 166, "fields": {"player": 12, "game": 34, "kills": 25, "assists": 10, "deaths": 24, "mvps": 5, "points": 64}}, {"model": "stats.gameplayer", "pk": 167, "fields": {"player": 1, "game": 34, "kills": 23, "assists": 2, "deaths": 17, "mvps": 3, "points": 57}}, {"model": "stats.gameplayer", "pk": 168, "fields": {"player": 20, "game": 34, "kills": 21, "assists": 2, "deaths": 17, "mvps": 3, "points": 57}}, {"model": "stats.gameplayer", "pk": 169, "fields": {"player": 12, "game": 34, "kills": 17, "assists": 5, "deaths": 28, "mvps": 1, "points": 39}}, {"model": "stats.gameplayer", "pk": 170, "fields": {"player": 12, "game": 34, "kills": 12, "assists": 2, "deaths": 11, "mvps": 1, "points": 26}}, {"model": "auth.permission", "pk": 1, "fields": {"name": "Can add permission", "content_type": 1, "codename": "add_permission"}}, {"model": "auth.permission", "pk": 2, "fields": {"name": "Can change permission", "content_type": 1, "codename": "change_permission"}}, {"model": "auth.permission", "pk": 3, "fields": {"name": "Can delete permission", "content_type": 1, "codename": "delete_permission"}}, {"model": "auth.permission", "pk": 4, "fields": {"name": "Can add group", "content_type": 2, "codename": "add_group"}}, {"model": "auth.permission", "pk": 5, "fields": {"name": "Can change group", "content_type": 2, "codename": "change_group"}}, {"model": "auth.permission", "pk": 6, "fields": {"name": "Can delete group", "content_type": 2, "codename": "delete_group"}}, {"model": "auth.permission", "pk": 7, "fields": {"name": "Can add content type", "content_type": 3, "codename": "add_contenttype"}}, {"model": "auth.permission", "pk": 8, "fields": {"name": "Can change content type", "content_type": 3, "codename": "change_contenttype"}}, {"model": "auth.permission", "pk": 9, "fields": {"name": "Can delete content type", "content_type": 3, "codename": "delete_contenttype"}}, {"model": "auth.permission", "pk": 10, "fields": {"name": "Can add session", "content_type": 4, "codename": "add_session"}}, {"model": "auth.permission", "pk": 11, "fields": {"name": "Can change session", "content_type": 4, "codename": "change_session"}}, {"model": "auth.permission", "pk": 12, "fields": {"name": "Can delete session", "content_type": 4, "codename": "delete_session"}}, {"model": "auth.permission", "pk": 13, "fields": {"name": "Can add site", "content_type": 5, "codename": "add_site"}}, {"model": "auth.permission", "pk": 14, "fields": {"name": "Can change site", "content_type": 5, "codename": "change_site"}}, {"model": "auth.permission", "pk": 15, "fields": {"name": "Can delete site", "content_type": 5, "codename": "delete_site"}}, {"model": "auth.permission", "pk": 16, "fields": {"name": "Can add log entry", "content_type": 6, "codename": "add_logentry"}}, {"model": "auth.permission", "pk": 17, "fields": {"name": "Can change log entry", "content_type": 6, "codename": "change_logentry"}}, {"model": "auth.permission", "pk": 18, "fields": {"name": "Can delete log entry", "content_type": 6, "codename": "delete_logentry"}}, {"model": "auth.permission", "pk": 19, "fields": {"name": "Can add email address", "content_type": 7, "codename": "add_emailaddress"}}, {"model": "auth.permission", "pk": 20, "fields": {"name": "Can change email address", "content_type": 7, "codename": "change_emailaddress"}}, {"model": "auth.permission", "pk": 21, "fields": {"name": "Can delete email address", "content_type": 7, "codename": "delete_emailaddress"}}, {"model": "auth.permission", "pk": 22, "fields": {"name": "Can add email confirmation", "content_type": 8, "codename": "add_emailconfirmation"}}, {"model": "auth.permission", "pk": 23, "fields": {"name": "Can change email confirmation", "content_type": 8, "codename": "change_emailconfirmation"}}, {"model": "auth.permission", "pk": 24, "fields": {"name": "Can delete email confirmation", "content_type": 8, "codename": "delete_emailconfirmation"}}, {"model": "auth.permission", "pk": 25, "fields": {"name": "Can add social application", "content_type": 9, "codename": "add_socialapp"}}, {"model": "auth.permission", "pk": 26, "fields": {"name": "Can change social application", "content_type": 9, "codename": "change_socialapp"}}, {"model": "auth.permission", "pk": 27, "fields": {"name": "Can delete social application", "content_type": 9, "codename": "delete_socialapp"}}, {"model": "auth.permission", "pk": 28, "fields": {"name": "Can add social account", "content_type": 10, "codename": "add_socialaccount"}}, {"model": "auth.permission", "pk": 29, "fields": {"name": "Can change social account", "content_type": 10, "codename": "change_socialaccount"}}, {"model": "auth.permission", "pk": 30, "fields": {"name": "Can delete social account", "content_type": 10, "codename": "delete_socialaccount"}}, {"model": "auth.permission", "pk": 31, "fields": {"name": "Can add social application token", "content_type": 11, "codename": "add_socialtoken"}}, {"model": "auth.permission", "pk": 32, "fields": {"name": "Can change social application token", "content_type": 11, "codename": "change_socialtoken"}}, {"model": "auth.permission", "pk": 33, "fields": {"name": "Can delete social application token", "content_type": 11, "codename": "delete_socialtoken"}}, {"model": "auth.permission", "pk": 34, "fields": {"name": "Can add user", "content_type": 12, "codename": "add_user"}}, {"model": "auth.permission", "pk": 35, "fields": {"name": "Can change user", "content_type": 12, "codename": "change_user"}}, {"model": "auth.permission", "pk": 36, "fields": {"name": "Can delete user", "content_type": 12, "codename": "delete_user"}}, {"model": "auth.permission", "pk": 37, "fields": {"name": "Can add player", "content_type": 13, "codename": "add_player"}}, {"model": "auth.permission", "pk": 38, "fields": {"name": "Can change player", "content_type": 13, "codename": "change_player"}}, {"model": "auth.permission", "pk": 39, "fields": {"name": "Can delete player", "content_type": 13, "codename": "delete_player"}}, {"model": "auth.permission", "pk": 40, "fields": {"name": "Can add map", "content_type": 14, "codename": "add_map"}}, {"model": "auth.permission", "pk": 41, "fields": {"name": "Can change map", "content_type": 14, "codename": "change_map"}}, {"model": "auth.permission", "pk": 42, "fields": {"name": "Can delete map", "content_type": 14, "codename": "delete_map"}}, {"model": "auth.permission", "pk": 43, "fields": {"name": "Can add game", "content_type": 15, "codename": "add_game"}}, {"model": "auth.permission", "pk": 44, "fields": {"name": "Can change game", "content_type": 15, "codename": "change_game"}}, {"model": "auth.permission", "pk": 45, "fields": {"name": "Can delete game", "content_type": 15, "codename": "delete_game"}}, {"model": "auth.permission", "pk": 46, "fields": {"name": "Can add game player", "content_type": 16, "codename": "add_gameplayer"}}, {"model": "auth.permission", "pk": 47, "fields": {"name": "Can change game player", "content_type": 16, "codename": "change_gameplayer"}}, {"model": "auth.permission", "pk": 48, "fields": {"name": "Can delete game player", "content_type": 16, "codename": "delete_gameplayer"}}, {"model": "users.user", "pk": 1, "fields": {"password": "pbkdf2_sha256$24000$wCuRS6desyvw$myfHh0d/d06Sw6sQcF6vGeGsjGiiBiYuUXqgpoCQZjs=", "last_login": "2015-12-22T17:02:50.722Z", "is_superuser": true, "username": "andrijan", "first_name": "", "last_name": "", "email": "andrijan@gmail.com", "is_staff": true, "is_active": true, "date_joined": "2015-12-11T22:02:19.976Z", "name": "", "groups": [], "user_permissions": []}}, {"model": "admin.logentry", "pk": 1, "fields": {"action_time": "2015-12-11T22:09:47.825Z", "user": 1, "content_type": 13, "object_id": "1", "object_repr": "Andri - le", "action_flag": 1, "change_message": "Added."}}, {"model": "admin.logentry", "pk": 2, "fields": {"action_time": "2015-12-11T22:10:08.251Z", "user": 1, "content_type": 13, "object_id": "2", "object_repr": "Helgi - lem", "action_flag": 1, "change_message": "Added."}}, {"model": "admin.logentry", "pk": 3, "fields": {"action_time": "2015-12-11T22:10:21.493Z", "user": 1, "content_type": 13, "object_id": "3", "object_repr": "Siggi R\u00fanar - smfc", "action_flag": 1, "change_message": "Added."}}, {"model": "admin.logentry", "pk": 4, "fields": {"action_time": "2015-12-11T22:10:32.803Z", "user": 1, "content_type": 13, "object_id": "4", "object_repr": "Sk\u00fali - mg2", "action_flag": 1, "change_message": "Added."}}, {"model": "admin.logentry", "pk": 5, "fields": {"action_time": "2015-12-11T22:10:38.403Z", "user": 1, "content_type": 13, "object_id": "5", "object_repr": "Siggi Fannar - None", "action_flag": 1, "change_message": "Added."}}, {"model": "admin.logentry", "pk": 6, "fields": {"action_time": "2015-12-11T22:10:44.222Z", "user": 1, "content_type": 13, "object_id": "6", "object_repr": "Oddur - None", "action_flag": 1, "change_message": "Added."}}, {"model": "admin.logentry", "pk": 7, "fields": {"action_time": "2015-12-11T22:10:47.563Z", "user": 1, "content_type": 13, "object_id": "7", "object_repr": "Andri Mar - None", "action_flag": 1, "change_message": "Added."}}, {"model": "admin.logentry", "pk": 8, "fields": {"action_time": "2015-12-11T22:10:50.683Z", "user": 1, "content_type": 13, "object_id": "8", "object_repr": "Elli - None", "action_flag": 1, "change_message": "Added."}}, {"model": "admin.logentry", "pk": 9, "fields": {"action_time": "2015-12-11T22:11:10.291Z", "user": 1, "content_type": 13, "object_id": "9", "object_repr": "Maggi - None", "action_flag": 1, "change_message": "Added."}}, {"model": "admin.logentry", "pk": 10, "fields": {"action_time": "2015-12-11T22:11:12.938Z", "user": 1, "content_type": 13, "object_id": "10", "object_repr": "Kaladar - None", "action_flag": 1, "change_message": "Added."}}, {"model": "admin.logentry", "pk": 11, "fields": {"action_time": "2015-12-11T22:11:54.716Z", "user": 1, "content_type": 13, "object_id": "11", "object_repr": "Beggi - None", "action_flag": 1, "change_message": "Added."}}, {"model": "admin.logentry", "pk": 12, "fields": {"action_time": "2015-12-11T22:12:19.321Z", "user": 1, "content_type": 14, "object_id": "1", "object_repr": "Dust II", "action_flag": 1, "change_message": "Added."}}, {"model": "admin.logentry", "pk": 13, "fields": {"action_time": "2015-12-11T22:14:31.843Z", "user": 1, "content_type": 15, "object_id": "1", "object_repr": "2015-12-01 22:52:00+00:00", "action_flag": 1, "change_message": "Added. Added game player \"GamePlayer object\". Added game player \"GamePlayer object\". Added game player \"GamePlayer object\". Added game player \"GamePlayer object\". Added game player \"GamePlayer object\"."}}, {"model": "admin.logentry", "pk": 14, "fields": {"action_time": "2015-12-11T22:16:50.005Z", "user": 1, "content_type": 14, "object_id": "2", "object_repr": "Mirage", "action_flag": 1, "change_message": "Added."}}, {"model": "admin.logentry", "pk": 15, "fields": {"action_time": "2015-12-11T22:17:36.868Z", "user": 1, "content_type": 13, "object_id": "12", "object_repr": "Unknown - None", "action_flag": 1, "change_message": "Added."}}, {"model": "admin.logentry", "pk": 16, "fields": {"action_time": "2015-12-11T22:18:26.644Z", "user": 1, "content_type": 15, "object_id": "2", "object_repr": "2015-12-03 22:13:00+00:00", "action_flag": 1, "change_message": "Added. Added game player \"GamePlayer object\". Added game player \"GamePlayer object\". Added game player \"GamePlayer object\". Added game player \"GamePlayer object\". Added game player \"GamePlayer object\"."}}, {"model": "admin.logentry", "pk": 17, "fields": {"action_time": "2015-12-12T11:11:26.205Z", "user": 1, "content_type": 15, "object_id": "3", "object_repr": "2015-12-03 22:59:00+00:00", "action_flag": 1, "change_message": "Added. Added game player \"GamePlayer object\". Added game player \"GamePlayer object\". Added game player \"GamePlayer object\". Added game player \"GamePlayer object\". Added game player \"GamePlayer object\"."}}, {"model": "admin.logentry", "pk": 18, "fields": {"action_time": "2015-12-12T11:12:30.812Z", "user": 1, "content_type": 13, "object_id": "13", "object_repr": "Vilhelm - None", "action_flag": 1, "change_message": "Added."}}, {"model": "admin.logentry", "pk": 19, "fields": {"action_time": "2015-12-12T11:12:49.118Z", "user": 1, "content_type": 15, "object_id": "4", "object_repr": "2015-12-04 20:38:00+00:00", "action_flag": 1, "change_message": "Added. Added game player \"GamePlayer object\". Added game player \"GamePlayer object\". Added game player \"GamePlayer object\". Added game player \"GamePlayer object\". Added game player \"GamePlayer object\"."}}, {"model": "admin.logentry", "pk": 20, "fields": {"action_time": "2015-12-12T11:13:08.826Z", "user": 1, "content_type": 14, "object_id": "3", "object_repr": "Cache", "action_flag": 1, "change_message": "Added."}}, {"model": "admin.logentry", "pk": 21, "fields": {"action_time": "2015-12-12T11:14:04.322Z", "user": 1, "content_type": 15, "object_id": "5", "object_repr": "2015-12-04 21:23:00+00:00", "action_flag": 1, "change_message": "Added. Added game player \"GamePlayer object\". Added game player \"GamePlayer object\". Added game player \"GamePlayer object\". Added game player \"GamePlayer object\". Added game player \"GamePlayer object\"."}}, {"model": "admin.logentry", "pk": 22, "fields": {"action_time": "2015-12-12T11:15:29.037Z", "user": 1, "content_type": 15, "object_id": "6", "object_repr": "2015-12-06 20:42:00+00:00", "action_flag": 1, "change_message": "Added. Added game player \"GamePlayer object\". Added game player \"GamePlayer object\". Added game player \"GamePlayer object\". Added game player \"GamePlayer object\". Added game player \"GamePlayer object\"."}}, {"model": "admin.logentry", "pk": 23, "fields": {"action_time": "2015-12-12T11:16:49.727Z", "user": 1, "content_type": 15, "object_id": "7", "object_repr": "2015-12-06 21:20:00+00:00", "action_flag": 1, "change_message": "Added. Added game player \"GamePlayer object\". Added game player \"GamePlayer object\". Added game player \"GamePlayer object\". Added game player \"GamePlayer object\". Added game player \"GamePlayer object\"."}}, {"model": "admin.logentry", "pk": 24, "fields": {"action_time": "2015-12-12T11:17:07.012Z", "user": 1, "content_type": 14, "object_id": "4", "object_repr": "Inferno", "action_flag": 1, "change_message": "Added."}}, {"model": "admin.logentry", "pk": 25, "fields": {"action_time": "2015-12-12T11:18:06.554Z", "user": 1, "content_type": 15, "object_id": "8", "object_repr": "2015-12-06 22:09:00+00:00", "action_flag": 1, "change_message": "Added. Added game player \"GamePlayer object\". Added game player \"GamePlayer object\". Added game player \"GamePlayer object\". Added game player \"GamePlayer object\". Added game player \"GamePlayer object\"."}}, {"model": "admin.logentry", "pk": 26, "fields": {"action_time": "2015-12-12T11:25:16.793Z", "user": 1, "content_type": 15, "object_id": "9", "object_repr": "2015-12-07 20:37:00+00:00", "action_flag": 1, "change_message": "Added. Added game player \"GamePlayer object\". Added game player \"GamePlayer object\". Added game player \"GamePlayer object\". Added game player \"GamePlayer object\". Added game player \"GamePlayer object\"."}}, {"model": "admin.logentry", "pk": 27, "fields": {"action_time": "2015-12-12T11:27:04.243Z", "user": 1, "content_type": 13, "object_id": "14", "object_repr": "Matti - None", "action_flag": 1, "change_message": "Added."}}, {"model": "admin.logentry", "pk": 28, "fields": {"action_time": "2015-12-12T11:27:14.577Z", "user": 1, "content_type": 15, "object_id": "10", "object_repr": "2015-12-07 21:16:00+00:00", "action_flag": 1, "change_message": "Added. Added game player \"GamePlayer object\". Added game player \"GamePlayer object\". Added game player \"GamePlayer object\". Added game player \"GamePlayer object\". Added game player \"GamePlayer object\"."}}, {"model": "admin.logentry", "pk": 29, "fields": {"action_time": "2015-12-12T11:28:30.442Z", "user": 1, "content_type": 15, "object_id": "11", "object_repr": "2015-12-07 22:29:00+00:00", "action_flag": 1, "change_message": "Added. Added game player \"GamePlayer object\". Added game player \"GamePlayer object\". Added game player \"GamePlayer object\". Added game player \"GamePlayer object\". Added game player \"GamePlayer object\"."}}, {"model": "admin.logentry", "pk": 30, "fields": {"action_time": "2015-12-12T11:29:49.438Z", "user": 1, "content_type": 13, "object_id": "15", "object_repr": "Solar Flare - None", "action_flag": 1, "change_message": "Added."}}, {"model": "admin.logentry", "pk": 31, "fields": {"action_time": "2015-12-12T11:30:02.837Z", "user": 1, "content_type": 15, "object_id": "12", "object_repr": "2015-12-08 21:02:00+00:00", "action_flag": 1, "change_message": "Added. Added game player \"GamePlayer object\". Added game player \"GamePlayer object\". Added game player \"GamePlayer object\". Added game player \"GamePlayer object\". Added game player \"GamePlayer object\"."}}, {"model": "admin.logentry", "pk": 32, "fields": {"action_time": "2015-12-12T11:31:08.983Z", "user": 1, "content_type": 15, "object_id": "13", "object_repr": "2015-12-08 21:38:00+00:00", "action_flag": 1, "change_message": "Added. Added game player \"GamePlayer object\". Added game player \"GamePlayer object\". Added game player \"GamePlayer object\". Added game player \"GamePlayer object\". Added game player \"GamePlayer object\"."}}, {"model": "admin.logentry", "pk": 33, "fields": {"action_time": "2015-12-12T11:32:13.068Z", "user": 1, "content_type": 15, "object_id": "14", "object_repr": "2015-12-10 21:02:00+00:00", "action_flag": 1, "change_message": "Added. Added game player \"GamePlayer object\". Added game player \"GamePlayer object\". Added game player \"GamePlayer object\". Added game player \"GamePlayer object\". Added game player \"GamePlayer object\"."}}, {"model": "admin.logentry", "pk": 34, "fields": {"action_time": "2015-12-12T22:18:37.745Z", "user": 1, "content_type": 13, "object_id": "16", "object_repr": "\u00deorl\u00e1kur", "action_flag": 1, "change_message": "Added."}}, {"model": "admin.logentry", "pk": 35, "fields": {"action_time": "2015-12-12T23:57:26.843Z", "user": 1, "content_type": 15, "object_id": "15", "object_repr": "2015-12-12 22:18:00+00:00", "action_flag": 1, "change_message": "Added. Added game player \"GamePlayer object\". Added game player \"GamePlayer object\". Added game player \"GamePlayer object\". Added game player \"GamePlayer object\". Added game player \"GamePlayer object\"."}}, {"model": "admin.logentry", "pk": 36, "fields": {"action_time": "2015-12-12T23:58:30.446Z", "user": 1, "content_type": 15, "object_id": "16", "object_repr": "2015-12-12 23:10:00+00:00", "action_flag": 1, "change_message": "Added. Added game player \"GamePlayer object\". Added game player \"GamePlayer object\". Added game player \"GamePlayer object\". Added game player \"GamePlayer object\". Added game player \"GamePlayer object\"."}}, {"model": "admin.logentry", "pk": 37, "fields": {"action_time": "2015-12-13T22:21:47.083Z", "user": 1, "content_type": 13, "object_id": "17", "object_repr": "Vi[ar", "action_flag": 1, "change_message": "Added."}}, {"model": "admin.logentry", "pk": 38, "fields": {"action_time": "2015-12-13T22:21:52.602Z", "user": 1, "content_type": 13, "object_id": "17", "object_repr": "Vi\u00f0ar", "action_flag": 2, "change_message": "Changed username and rank."}}, {"model": "admin.logentry", "pk": 39, "fields": {"action_time": "2015-12-13T23:40:04.756Z", "user": 1, "content_type": 15, "object_id": "17", "object_repr": "2015-12-13 21:44:00+00:00", "action_flag": 1, "change_message": "Added. Added game player \"GamePlayer object\". Added game player \"GamePlayer object\". Added game player \"GamePlayer object\". Added game player \"GamePlayer object\". Added game player \"GamePlayer object\"."}}, {"model": "admin.logentry", "pk": 40, "fields": {"action_time": "2015-12-13T23:41:15.995Z", "user": 1, "content_type": 15, "object_id": "18", "object_repr": "2015-12-13 22:21:00+00:00", "action_flag": 1, "change_message": "Added. Added game player \"GamePlayer object\". Added game player \"GamePlayer object\". Added game player \"GamePlayer object\". Added game player \"GamePlayer object\". Added game player \"GamePlayer object\"."}}, {"model": "admin.logentry", "pk": 41, "fields": {"action_time": "2015-12-13T23:42:23.757Z", "user": 1, "content_type": 15, "object_id": "19", "object_repr": "2015-12-13 22:50:00+00:00", "action_flag": 1, "change_message": "Added. Added game player \"GamePlayer object\". Added game player \"GamePlayer object\". Added game player \"GamePlayer object\". Added game player \"GamePlayer object\". Added game player \"GamePlayer object\"."}}, {"model": "admin.logentry", "pk": 42, "fields": {"action_time": "2015-12-16T20:23:23.570Z", "user": 1, "content_type": 15, "object_id": "20", "object_repr": "2015-12-14 21:02:00+00:00", "action_flag": 1, "change_message": "Added. Added game player \"GamePlayer object\". Added game player \"GamePlayer object\". Added game player \"GamePlayer object\". Added game player \"GamePlayer object\". Added game player \"GamePlayer object\"."}}, {"model": "admin.logentry", "pk": 43, "fields": {"action_time": "2015-12-16T20:24:31.508Z", "user": 1, "content_type": 15, "object_id": "21", "object_repr": "2015-12-14 21:47:00+00:00", "action_flag": 1, "change_message": "Added. Added game player \"GamePlayer object\". Added game player \"GamePlayer object\". Added game player \"GamePlayer object\". Added game player \"GamePlayer object\". Added game player \"GamePlayer object\"."}}, {"model": "admin.logentry", "pk": 44, "fields": {"action_time": "2015-12-16T20:25:32.852Z", "user": 1, "content_type": 13, "object_id": "18", "object_repr": "Stebbi", "action_flag": 1, "change_message": "Added."}}, {"model": "admin.logentry", "pk": 45, "fields": {"action_time": "2015-12-16T20:25:40.283Z", "user": 1, "content_type": 15, "object_id": "22", "object_repr": "2015-12-15 21:17:00+00:00", "action_flag": 1, "change_message": "Added. Added game player \"GamePlayer object\". Added game player \"GamePlayer object\". Added game player \"GamePlayer object\". Added game player \"GamePlayer object\". Added game player \"GamePlayer object\"."}}, {"model": "admin.logentry", "pk": 46, "fields": {"action_time": "2015-12-16T20:25:54.746Z", "user": 1, "content_type": 15, "object_id": "22", "object_repr": "2015-12-15 21:17:00+00:00", "action_flag": 2, "change_message": "Changed rounds_against."}}, {"model": "admin.logentry", "pk": 47, "fields": {"action_time": "2015-12-16T20:26:57.920Z", "user": 1, "content_type": 15, "object_id": "23", "object_repr": "2015-12-15 22:06:00+00:00", "action_flag": 1, "change_message": "Added. Added game player \"GamePlayer object\". Added game player \"GamePlayer object\". Added game player \"GamePlayer object\". Added game player \"GamePlayer object\". Added game player \"GamePlayer object\"."}}, {"model": "admin.logentry", "pk": 48, "fields": {"action_time": "2015-12-20T21:28:01.032Z", "user": 1, "content_type": 13, "object_id": "19", "object_repr": "V\u00edfill", "action_flag": 1, "change_message": "Added."}}, {"model": "admin.logentry", "pk": 49, "fields": {"action_time": "2015-12-20T21:28:45.356Z", "user": 1, "content_type": 15, "object_id": "24", "object_repr": "2015-12-17 22:17:00+00:00", "action_flag": 1, "change_message": "Added. Added game player \"GamePlayer object\". Added game player \"GamePlayer object\". Added game player \"GamePlayer object\". Added game player \"GamePlayer object\". Added game player \"GamePlayer object\"."}}, {"model": "admin.logentry", "pk": 50, "fields": {"action_time": "2015-12-20T21:29:57.601Z", "user": 1, "content_type": 15, "object_id": "25", "object_repr": "2015-12-17 23:00:00+00:00", "action_flag": 1, "change_message": "Added. Added game player \"GamePlayer object\". Added game player \"GamePlayer object\". Added game player \"GamePlayer object\". Added game player \"GamePlayer object\". Added game player \"GamePlayer object\"."}}, {"model": "admin.logentry", "pk": 51, "fields": {"action_time": "2015-12-20T23:09:36.751Z", "user": 1, "content_type": 15, "object_id": "26", "object_repr": "2015-12-19 20:33:00+00:00", "action_flag": 1, "change_message": "Added. Added game player \"GamePlayer object\". Added game player \"GamePlayer object\". Added game player \"GamePlayer object\". Added game player \"GamePlayer object\". Added game player \"GamePlayer object\"."}}, {"model": "admin.logentry", "pk": 52, "fields": {"action_time": "2015-12-20T23:12:14.172Z", "user": 1, "content_type": 15, "object_id": "27", "object_repr": "2015-12-19 21:13:00+00:00", "action_flag": 1, "change_message": "Added. Added game player \"GamePlayer object\". Added game player \"GamePlayer object\". Added game player \"GamePlayer object\". Added game player \"GamePlayer object\". Added game player \"GamePlayer object\"."}}, {"model": "admin.logentry", "pk": 53, "fields": {"action_time": "2015-12-20T23:14:41.842Z", "user": 1, "content_type": 15, "object_id": "28", "object_repr": "2015-12-19 21:37:00+00:00", "action_flag": 1, "change_message": "Added. Added game player \"GamePlayer object\". Added game player \"GamePlayer object\". Added game player \"GamePlayer object\". Added game player \"GamePlayer object\". Added game player \"GamePlayer object\"."}}, {"model": "admin.logentry", "pk": 54, "fields": {"action_time": "2015-12-20T23:16:38.929Z", "user": 1, "content_type": 15, "object_id": "29", "object_repr": "2015-12-19 22:24:00+00:00", "action_flag": 1, "change_message": "Added. Added game player \"GamePlayer object\". Added game player \"GamePlayer object\". Added game player \"GamePlayer object\". Added game player \"GamePlayer object\". Added game player \"GamePlayer object\"."}}, {"model": "admin.logentry", "pk": 55, "fields": {"action_time": "2015-12-20T23:18:14.430Z", "user": 1, "content_type": 15, "object_id": "30", "object_repr": "2015-12-19 22:59:00+00:00", "action_flag": 1, "change_message": "Added. Added game player \"GamePlayer object\". Added game player \"GamePlayer object\". Added game player \"GamePlayer object\". Added game player \"GamePlayer object\". Added game player \"GamePlayer object\"."}}, {"model": "admin.logentry", "pk": 56, "fields": {"action_time": "2015-12-20T23:20:20.213Z", "user": 1, "content_type": 15, "object_id": "31", "object_repr": "2015-12-20 21:30:00+00:00", "action_flag": 1, "change_message": "Added. Added game player \"GamePlayer object\". Added game player \"GamePlayer object\". Added game player \"GamePlayer object\". Added game player \"GamePlayer object\". Added game player \"GamePlayer object\"."}}, {"model": "admin.logentry", "pk": 57, "fields": {"action_time": "2015-12-20T23:21:29.366Z", "user": 1, "content_type": 15, "object_id": "32", "object_repr": "2015-12-20 22:21:00+00:00", "action_flag": 1, "change_message": "Added. Added game player \"GamePlayer object\". Added game player \"GamePlayer object\". Added game player \"GamePlayer object\". Added game player \"GamePlayer object\". Added game player \"GamePlayer object\"."}}, {"model": "admin.logentry", "pk": 58, "fields": {"action_time": "2015-12-21T23:34:41.533Z", "user": 1, "content_type": 15, "object_id": "33", "object_repr": "2015-12-21 21:55:00+00:00", "action_flag": 1, "change_message": "Added. Added game player \"GamePlayer object\". Added game player \"GamePlayer object\". Added game player \"GamePlayer object\". Added game player \"GamePlayer object\". Added game player \"GamePlayer object\"."}}, {"model": "admin.logentry", "pk": 59, "fields": {"action_time": "2015-12-21T23:35:30.588Z", "user": 1, "content_type": 13, "object_id": "20", "object_repr": "Da\u00f0i", "action_flag": 1, "change_message": "Added."}}, {"model": "admin.logentry", "pk": 60, "fields": {"action_time": "2015-12-21T23:41:12.734Z", "user": 1, "content_type": 15, "object_id": "34", "object_repr": "2015-12-21 22:43:00+00:00", "action_flag": 1, "change_message": "Added. Added game player \"GamePlayer object\". Added game player \"GamePlayer object\". Added game player \"GamePlayer object\". Added game player \"GamePlayer object\". Added game player \"GamePlayer object\"."}}]